氏名,生年月日
古屋美穂子,1997/12/22
島崎竹次郎,1993/12/14
宮本智,2001/03/09
石橋有紗,2004/12/30
足立竜三,1990/01/29
日高和恵,1989/05/03
鵜飼好雄,2008/09/13
横井光,2006/03/06
黒岩桃歌,1992/04/02
谷口剛,1991/05/22
鳥居佳那子,1993/09/17
金井洋司,1999/01/15
山中康子,2008/04/17
小久保輝,1989/04/17
中山一樹,2002/05/04
狩野華乃,2001/04/20
花田栞菜,1998/07/04
大内凪紗,2002/09/07
南田遙香,1999/01/10
長浜璃奈,2008/05/17
南部長太郎,1997/01/10
金谷朝子,2002/12/28
中恭之,1993/06/27
柳茂行,2007/03/16
木原由美子,2006/08/19
石本亮,1993/06/11
川越善雄,2008/01/12
尾形美雨,2000/06/11
草野結,1992/12/14
尾形修一,1994/05/16
土居佐和子,1990/06/23
池上正信,2001/04/03
石川俊夫,2002/05/11
末吉金治,2005/02/25
井手幸春,2006/07/08
門田金太郎,1994/02/17
大江美由紀,1991/10/28
阿久津杏里,1998/07/20
花井亀吉,1992/09/23
藤島夢,1998/08/10
堀江満雄,1990/11/13
柳沢良之,2004/04/27
若松秀子,1999/02/11
仲田昌弘,2001/10/13
松野正志,1989/03/14
神戸奈々子,1993/07/26
豊田愛奈,1989/11/23
大滝渉,2002/11/18
新倉時子,2003/01/28
垣内花音,2001/11/28
上山清治,2002/01/01
木戸伊代,1995/02/06
村上博満,2000/03/01
佐伯正毅,2004/03/25
小澤愛理,2005/12/28
関英俊,1998/08/08
小俣凪沙,2008/02/06
大矢友香,1993/06/30
富沢梓,1998/07/08
永野勇三,2006/12/12
原田玲二,1991/02/06
大下雅人,1996/11/06
木本奈々美,1989/11/04
相馬愛美,1990/01/29
寺西俊史,1994/11/16
矢田五郎,1995/12/26
平貴文,2000/07/02
梅木一華,2004/02/05
井口紫音,1998/08/02
生田弥太郎,1999/11/27
茂木俊明,2007/12/25
前原保夫,1998/03/22
川島真桜,2008/04/16
志村凛,1994/03/16
長尾光,2000/11/21
木村博文,1992/05/31
加賀章一,1990/06/19
松山佳典,1990/04/26
角恵利,1994/07/18
杉原陸,1991/09/21
上田果凛,1994/06/14
徳永真琴,1997/09/07
土井和幸,1991/12/01
染谷蒼,1994/11/10
野呂千鶴子,1991/06/20
辻冨士子,1996/08/06
小宮義信,1996/10/17
春日治,2000/12/25
芦田幸彦,1990/08/03
星野緑,1990/11/21
安井真悠,2008/08/29
田淵菜月,1990/12/09
奥山国男,2006/05/01
小村清一郎,1994/09/04
赤松和広,2003/02/27
宮本龍平,1995/10/14
萩原扶三代,2000/09/15
大場詩音,2007/11/20
木原七美,1996/05/07
池谷喜一,1992/09/18
